Role and Experience,Years of Experience,Prior Exposure to AI,Organization Type,AI Techniques Employed,Frequency of AI Use,Cyber Threats Targeted,Effectiveness of AI,Speed of AI Detection,Accuracy of AI,Improvement in Incident Response,Key Challenges,Vulnerability to Adversarial Attacks,Data Dependency Issues,Integration Challenges,Dependence on Skilled Personnel,Effective Strategies,Use of Predictive Analytics,Recommendations for Improvement,Ethical Issues Addressed,Policy Framework
Manager,7,No,Local Government,Neural Networks,Occasionally,Advanced Persistent Threats (APTs),5,2,2,Slightly,High Cost of Implementation,Extremely concerned,Slightly,Not challenging at all,Not important,Ongoing Monitoring and Evaluation,To a large extent,Other,Not at all,"No, there is no policy."
Technician,3,No,Other,Deep Learning,Rarely,Advanced Persistent Threats (APTs),4,4,5,Greatly,Data Privacy and Security,Not at all concerned,Not at all,Extremely challenging,Slightly important,Regular Staff Training on AI Tools,Not at all,Improved Data Management,Not at all,"Yes, we have a comprehensive policy."
Analyst,22,No,Local Government,Neural Networks,Occasionally,Phishing Scams,5,1,4,Not at all,Lack of Skilled Personnel,Not at all concerned,Moderately,Slightly challenging,Moderately important,Collaboration with AI Specialists,To a moderate extent,Increased Budget Allocation,To a very large extent,"Yes, we have a comprehensive policy."
Analyst,20,Yes,Other,Predictive Analytics,Rarely,Advanced Persistent Threats (APTs),2,3,1,Greatly,Other,Slightly concerned,Not at all,Very challenging,Very important,Ongoing Monitoring and Evaluation,To a small extent,Other,To a moderate extent,"Yes, we have a comprehensive policy."
Technician,3,No,Local Government,Neural Networks,Often,Malware Attacks,3,3,1,Slightly,Complexity of AI Systems,Very concerned,Significantly,Moderately challenging,Very important,Integration with Existing Security Systems,Not at all,Better Regulatory Compliance,To a small extent,"No, there is no policy."
Consultant,9,No,Other,Deep Learning,Rarely,Phishing Scams,2,5,2,Greatly,Complexity of AI Systems,Extremely concerned,Greatly,Moderately challenging,Very important,Enhanced Data Privacy Protocols,To a moderate extent,Increased Budget Allocation,To a very large extent,"No, but we are developing one."
Technician,8,No,Other,Machine Learning,Rarely,Phishing Scams,5,2,2,Slightly,Lack of Skilled Personnel,Slightly concerned,Not at all,Slightly challenging,Moderately important,Other,Not at all,Increased Budget Allocation,To a moderate extent,"No, there is no policy."
Director,12,No,Local Government,Machine Learning,Always,Phishing Scams,1,1,3,Significantly,Algorithmic Bias,Moderately concerned,Moderately,Very challenging,Very important,Regular Staff Training on AI Tools,To a very large extent,Better Regulatory Compliance,Not at all,"No, there is no policy."
Technician,9,Yes,Other,Machine Learning,Often,Phishing Scams,5,3,2,Greatly,Lack of Skilled Personnel,Slightly concerned,Moderately,Very challenging,Moderately important,Collaboration with AI Specialists,To a moderate extent,Advanced Training for Personnel,Not at all,"No, there is no policy."
Analyst,23,No,Local Government,Neural Networks,Often,Phishing Scams,2,3,3,Greatly,Algorithmic Bias,Extremely concerned,Moderately,Moderately challenging,Slightly important,Regular Staff Training on AI Tools,To a very large extent,Enhanced Algorithms,Not at all,"Yes, but it is limited in scope."
Analyst,7,Yes,Federal Government,Deep Learning,Occasionally,Advanced Persistent Threats (APTs),1,1,2,Moderately,Other,Not at all concerned,Not at all,Not challenging at all,Moderately important,Regular Staff Training on AI Tools,To a very large extent,Enhanced Algorithms,Not at all,"Yes, but it is limited in scope."
Technician,7,Yes,Local Government,Other,Often,Other,1,1,1,Moderately,Data Privacy and Security,Extremely concerned,Not at all,Extremely challenging,Slightly important,Ongoing Monitoring and Evaluation,To a very large extent,Improved Data Management,To a moderate extent,"Yes, but it is limited in scope."
Manager,18,Yes,State Government,Predictive Analytics,Always,Phishing Scams,5,2,3,Moderately,Other,Very concerned,Greatly,Not challenging at all,Very important,Collaboration with AI Specialists,To a small extent,Increased Budget Allocation,To a very large extent,"No, there is no policy."
Manager,15,Yes,Local Government,Deep Learning,Always,Advanced Persistent Threats (APTs),2,5,4,Significantly,Algorithmic Bias,Very concerned,Not at all,Moderately challenging,Slightly important,Ongoing Monitoring and Evaluation,To a large extent,Increased Budget Allocation,Not at all,"No, but we are developing one."
Director,10,No,Local Government,Other,Often,Malware Attacks,1,3,5,Moderately,Complexity of AI Systems,Slightly concerned,Greatly,Extremely challenging,Moderately important,Other,Not at all,Improved Data Management,Not at all,"Yes, we have a comprehensive policy."
Technician,7,No,Federal Government,Neural Networks,Rarely,Denial of Service (DoS) Attacks,3,2,5,Greatly,Algorithmic Bias,Moderately concerned,Greatly,Not challenging at all,Very important,Other,To a very large extent,Improved Data Management,To a large extent,"No, but we are developing one."
Technician,1,No,Other,Predictive Analytics,Always,Insider Threats,5,2,4,Moderately,Lack of Skilled Personnel,Slightly concerned,Slightly,Moderately challenging,Extremely important,Ongoing Monitoring and Evaluation,Not at all,Advanced Training for Personnel,To a very large extent,"No, but we are developing one."
Director,21,Yes,Local Government,Predictive Analytics,Often,Other,5,4,4,Greatly,High Cost of Implementation,Moderately concerned,Moderately,Very challenging,Slightly important,Regular Staff Training on AI Tools,Not at all,Improved Data Management,To a large extent,"No, there is no policy."
Technician,3,No,Other,Other,Occasionally,Insider Threats,1,4,2,Significantly,High Cost of Implementation,Not at all concerned,Slightly,Very challenging,Not important,Other,To a small extent,Other,To a large extent,"No, there is no policy."
Director,14,Yes,Federal Government,Neural Networks,Occasionally,Phishing Scams,2,1,5,Not at all,Lack of Skilled Personnel,Extremely concerned,Greatly,Moderately challenging,Slightly important,Enhanced Data Privacy Protocols,Not at all,Increased Budget Allocation,Not at all,"No, but we are developing one."
Technician,16,Yes,Federal Government,Predictive Analytics,Always,Advanced Persistent Threats (APTs),2,4,3,Greatly,Other,Slightly concerned,Significantly,Extremely challenging,Moderately important,Integration with Existing Security Systems,To a large extent,Increased Budget Allocation,To a small extent,"Yes, we have a comprehensive policy."
Consultant,20,Yes,Federal Government,Other,Occasionally,Phishing Scams,5,1,4,Significantly,Lack of Skilled Personnel,Very concerned,Significantly,Not challenging at all,Extremely important,Integration with Existing Security Systems,To a small extent,Other,To a large extent,"No, there is no policy."
Director,4,Yes,Local Government,Other,Always,Insider Threats,4,4,5,Slightly,Complexity of AI Systems,Extremely concerned,Not at all,Moderately challenging,Extremely important,Other,To a small extent,Enhanced Algorithms,To a small extent,"No, but we are developing one."
Analyst,22,Yes,Federal Government,Neural Networks,Rarely,Denial of Service (DoS) Attacks,1,1,1,Slightly,Algorithmic Bias,Slightly concerned,Slightly,Very challenging,Moderately important,Ongoing Monitoring and Evaluation,To a very large extent,Improved Data Management,To a large extent,"Yes, but it is limited in scope."
Analyst,4,No,Other,Machine Learning,Rarely,Advanced Persistent Threats (APTs),1,5,4,Greatly,Other,Slightly concerned,Moderately,Extremely challenging,Moderately important,Integration with Existing Security Systems,To a moderate extent,Better Regulatory Compliance,To a large extent,"Yes, we have a comprehensive policy."
Analyst,20,Yes,Local Government,Neural Networks,Rarely,Insider Threats,5,5,3,Not at all,High Cost of Implementation,Very concerned,Significantly,Extremely challenging,Very important,Collaboration with AI Specialists,Not at all,Better Regulatory Compliance,To a small extent,"No, there is no policy."
Analyst,13,Yes,Local Government,Other,Occasionally,Denial of Service (DoS) Attacks,2,1,2,Greatly,Algorithmic Bias,Moderately concerned,Moderately,Slightly challenging,Moderately important,Ongoing Monitoring and Evaluation,Not at all,Increased Budget Allocation,Not at all,"No, there is no policy."
Director,4,Yes,Local Government,Other,Rarely,Advanced Persistent Threats (APTs),3,1,4,Not at all,Lack of Skilled Personnel,Very concerned,Slightly,Slightly challenging,Not important,Integration with Existing Security Systems,To a moderate extent,Advanced Training for Personnel,To a moderate extent,"No, there is no policy."
Manager,1,No,Federal Government,Deep Learning,Occasionally,Insider Threats,1,5,1,Significantly,Data Privacy and Security,Extremely concerned,Slightly,Moderately challenging,Very important,Ongoing Monitoring and Evaluation,To a large extent,Advanced Training for Personnel,To a small extent,"Yes, but it is limited in scope."
Director,11,Yes,Local Government,Neural Networks,Rarely,Advanced Persistent Threats (APTs),3,5,1,Greatly,High Cost of Implementation,Moderately concerned,Slightly,Not challenging at all,Slightly important,Collaboration with AI Specialists,To a large extent,Enhanced Algorithms,Not at all,"No, there is no policy."
Consultant,3,Yes,Other,Other,Rarely,Malware Attacks,2,1,4,Slightly,Complexity of AI Systems,Slightly concerned,Slightly,Not challenging at all,Slightly important,Other,To a moderate extent,Increased Budget Allocation,To a large extent,"Yes, we have a comprehensive policy."
Director,1,No,Federal Government,Other,Rarely,Denial of Service (DoS) Attacks,4,2,5,Not at all,Other,Slightly concerned,Moderately,Extremely challenging,Moderately important,Ongoing Monitoring and Evaluation,To a very large extent,Better Regulatory Compliance,To a large extent,"Yes, we have a comprehensive policy."
Manager,1,No,Other,Anomaly Detection,Always,Phishing Scams,2,1,2,Not at all,Other,Moderately concerned,Greatly,Moderately challenging,Slightly important,Enhanced Data Privacy Protocols,To a very large extent,Increased Budget Allocation,To a large extent,"No, there is no policy."
Manager,8,No,State Government,Other,Rarely,Phishing Scams,5,5,4,Moderately,Lack of Skilled Personnel,Very concerned,Not at all,Moderately challenging,Moderately important,Integration with Existing Security Systems,To a large extent,Better Regulatory Compliance,To a small extent,"Yes, we have a comprehensive policy."
Technician,2,Yes,Federal Government,Deep Learning,Rarely,Advanced Persistent Threats (APTs),2,2,5,Not at all,Complexity of AI Systems,Moderately concerned,Slightly,Slightly challenging,Slightly important,Enhanced Data Privacy Protocols,Not at all,Better Regulatory Compliance,To a large extent,"Yes, but it is limited in scope."
Manager,22,Yes,Federal Government,Other,Often,Advanced Persistent Threats (APTs),3,5,5,Significantly,Data Privacy and Security,Very concerned,Moderately,Extremely challenging,Not important,Enhanced Data Privacy Protocols,Not at all,Advanced Training for Personnel,Not at all,"No, but we are developing one."
Manager,6,Yes,State Government,Other,Rarely,Other,1,3,1,Moderately,Data Privacy and Security,Extremely concerned,Slightly,Moderately challenging,Slightly important,Regular Staff Training on AI Tools,To a very large extent,Improved Data Management,To a very large extent,"No, there is no policy."
Technician,1,Yes,State Government,Predictive Analytics,Occasionally,Advanced Persistent Threats (APTs),5,2,1,Greatly,Lack of Skilled Personnel,Slightly concerned,Greatly,Very challenging,Moderately important,Ongoing Monitoring and Evaluation,Not at all,Increased Budget Allocation,To a small extent,"No, but we are developing one."
Manager,18,No,Local Government,Neural Networks,Always,Other,4,1,3,Moderately,Algorithmic Bias,Very concerned,Significantly,Moderately challenging,Moderately important,Collaboration with AI Specialists,To a small extent,Other,To a small extent,"Yes, but it is limited in scope."
Consultant,24,Yes,State Government,Other,Always,Advanced Persistent Threats (APTs),5,5,5,Greatly,Algorithmic Bias,Extremely concerned,Moderately,Slightly challenging,Not important,Other,To a large extent,Improved Data Management,To a very large extent,"Yes, but it is limited in scope."
Technician,1,Yes,State Government,Other,Rarely,Other,4,4,2,Slightly,Complexity of AI Systems,Extremely concerned,Moderately,Very challenging,Slightly important,Other,To a moderate extent,Other,Not at all,"Yes, we have a comprehensive policy."
Consultant,24,Yes,Federal Government,Machine Learning,Always,Advanced Persistent Threats (APTs),1,1,3,Significantly,High Cost of Implementation,Very concerned,Slightly,Very challenging,Slightly important,Regular Staff Training on AI Tools,To a small extent,Other,To a moderate extent,"No, but we are developing one."
Analyst,20,Yes,Other,Neural Networks,Rarely,Phishing Scams,5,2,1,Slightly,Algorithmic Bias,Moderately concerned,Significantly,Not challenging at all,Slightly important,Ongoing Monitoring and Evaluation,To a very large extent,Advanced Training for Personnel,Not at all,"No, but we are developing one."
Analyst,11,Yes,Local Government,Machine Learning,Occasionally,Phishing Scams,3,5,5,Slightly,High Cost of Implementation,Slightly concerned,Moderately,Moderately challenging,Slightly important,Ongoing Monitoring and Evaluation,To a small extent,Enhanced Algorithms,Not at all,"No, but we are developing one."
Director,23,Yes,Other,Anomaly Detection,Always,Insider Threats,2,4,3,Significantly,Other,Not at all concerned,Slightly,Not challenging at all,Slightly important,Regular Staff Training on AI Tools,To a large extent,Better Regulatory Compliance,Not at all,"Yes, we have a comprehensive policy."
Manager,15,No,State Government,Deep Learning,Often,Advanced Persistent Threats (APTs),3,1,2,Not at all,Other,Not at all concerned,Significantly,Not challenging at all,Slightly important,Regular Staff Training on AI Tools,To a very large extent,Better Regulatory Compliance,To a very large extent,"Yes, but it is limited in scope."
Analyst,20,No,Federal Government,Neural Networks,Often,Advanced Persistent Threats (APTs),2,2,3,Moderately,Lack of Skilled Personnel,Not at all concerned,Significantly,Slightly challenging,Extremely important,Enhanced Data Privacy Protocols,To a small extent,Enhanced Algorithms,To a very large extent,"Yes, we have a comprehensive policy."
Technician,20,No,State Government,Anomaly Detection,Rarely,Other,5,4,5,Significantly,High Cost of Implementation,Very concerned,Moderately,Very challenging,Extremely important,Regular Staff Training on AI Tools,To a small extent,Better Regulatory Compliance,To a moderate extent,"No, there is no policy."
Technician,11,Yes,Other,Deep Learning,Rarely,Phishing Scams,1,3,3,Moderately,High Cost of Implementation,Not at all concerned,Slightly,Not challenging at all,Slightly important,Collaboration with AI Specialists,To a moderate extent,Other,To a very large extent,"No, but we are developing one."
Technician,21,Yes,Local Government,Deep Learning,Always,Advanced Persistent Threats (APTs),2,4,3,Significantly,Complexity of AI Systems,Very concerned,Not at all,Extremely challenging,Extremely important,Other,Not at all,Enhanced Algorithms,To a large extent,"Yes, but it is limited in scope."
Consultant,15,Yes,Local Government,Machine Learning,Often,Insider Threats,4,1,3,Significantly,Lack of Skilled Personnel,Extremely concerned,Moderately,Moderately challenging,Not important,Integration with Existing Security Systems,To a small extent,Better Regulatory Compliance,To a small extent,"Yes, but it is limited in scope."
Consultant,20,Yes,Local Government,Machine Learning,Often,Malware Attacks,2,3,4,Significantly,Algorithmic Bias,Very concerned,Significantly,Not challenging at all,Slightly important,Regular Staff Training on AI Tools,To a very large extent,Enhanced Algorithms,To a large extent,"Yes, we have a comprehensive policy."
Technician,22,Yes,State Government,Other,Always,Other,2,4,1,Slightly,Lack of Skilled Personnel,Not at all concerned,Not at all,Very challenging,Very important,Collaboration with AI Specialists,To a large extent,Better Regulatory Compliance,To a small extent,"Yes, but it is limited in scope."
Manager,14,No,State Government,Other,Occasionally,Other,5,5,2,Significantly,Other,Extremely concerned,Not at all,Very challenging,Not important,Integration with Existing Security Systems,To a large extent,Other,To a large extent,"No, there is no policy."
Analyst,12,No,Other,Machine Learning,Occasionally,Denial of Service (DoS) Attacks,5,4,4,Moderately,Data Privacy and Security,Moderately concerned,Moderately,Moderately challenging,Moderately important,Enhanced Data Privacy Protocols,To a large extent,Advanced Training for Personnel,To a large extent,"No, but we are developing one."
Analyst,8,Yes,Local Government,Deep Learning,Always,Denial of Service (DoS) Attacks,5,1,3,Not at all,Data Privacy and Security,Extremely concerned,Moderately,Moderately challenging,Not important,Integration with Existing Security Systems,To a small extent,Better Regulatory Compliance,To a moderate extent,"No, there is no policy."
Manager,20,No,Federal Government,Neural Networks,Rarely,Insider Threats,1,1,5,Not at all,High Cost of Implementation,Very concerned,Significantly,Not challenging at all,Extremely important,Regular Staff Training on AI Tools,Not at all,Improved Data Management,To a large extent,"No, there is no policy."
Manager,11,Yes,Other,Machine Learning,Always,Denial of Service (DoS) Attacks,1,5,5,Greatly,Lack of Skilled Personnel,Very concerned,Greatly,Very challenging,Moderately important,Regular Staff Training on AI Tools,To a very large extent,Enhanced Algorithms,To a moderate extent,"No, but we are developing one."
Technician,19,No,State Government,Neural Networks,Always,Other,5,1,4,Not at all,Algorithmic Bias,Very concerned,Slightly,Very challenging,Very important,Ongoing Monitoring and Evaluation,To a large extent,Improved Data Management,To a small extent,"No, there is no policy."
Technician,7,No,Federal Government,Anomaly Detection,Rarely,Phishing Scams,2,1,2,Significantly,Algorithmic Bias,Not at all concerned,Greatly,Slightly challenging,Moderately important,Regular Staff Training on AI Tools,To a moderate extent,Better Regulatory Compliance,To a large extent,"Yes, we have a comprehensive policy."
Manager,6,No,Local Government,Neural Networks,Occasionally,Advanced Persistent Threats (APTs),5,2,3,Not at all,High Cost of Implementation,Not at all concerned,Not at all,Extremely challenging,Not important,Collaboration with AI Specialists,To a large extent,Enhanced Algorithms,To a small extent,"No, but we are developing one."
Consultant,6,No,Federal Government,Machine Learning,Rarely,Insider Threats,3,4,1,Significantly,Algorithmic Bias,Slightly concerned,Significantly,Extremely challenging,Extremely important,Regular Staff Training on AI Tools,To a large extent,Advanced Training for Personnel,To a large extent,"Yes, we have a comprehensive policy."
Technician,25,No,Other,Anomaly Detection,Rarely,Phishing Scams,1,4,1,Not at all,Other,Moderately concerned,Slightly,Moderately challenging,Very important,Regular Staff Training on AI Tools,To a small extent,Other,To a small extent,"No, there is no policy."
Consultant,13,Yes,Federal Government,Other,Often,Other,5,4,2,Greatly,Algorithmic Bias,Slightly concerned,Not at all,Moderately challenging,Not important,Regular Staff Training on AI Tools,To a moderate extent,Better Regulatory Compliance,To a very large extent,"Yes, but it is limited in scope."
Analyst,13,Yes,Federal Government,Predictive Analytics,Occasionally,Denial of Service (DoS) Attacks,4,2,1,Significantly,Complexity of AI Systems,Very concerned,Greatly,Moderately challenging,Moderately important,Collaboration with AI Specialists,To a small extent,Other,Not at all,"No, there is no policy."
Analyst,24,No,Other,Machine Learning,Occasionally,Malware Attacks,5,4,4,Moderately,High Cost of Implementation,Slightly concerned,Significantly,Slightly challenging,Moderately important,Ongoing Monitoring and Evaluation,To a very large extent,Improved Data Management,To a very large extent,"Yes, we have a comprehensive policy."
Analyst,1,Yes,State Government,Neural Networks,Rarely,Phishing Scams,5,1,1,Slightly,Data Privacy and Security,Very concerned,Not at all,Not challenging at all,Moderately important,Regular Staff Training on AI Tools,To a moderate extent,Other,To a small extent,"Yes, we have a comprehensive policy."
Manager,20,No,Local Government,Other,Rarely,Advanced Persistent Threats (APTs),1,3,3,Moderately,Complexity of AI Systems,Extremely concerned,Slightly,Slightly challenging,Slightly important,Collaboration with AI Specialists,To a moderate extent,Improved Data Management,To a very large extent,"Yes, we have a comprehensive policy."
Manager,14,Yes,Federal Government,Anomaly Detection,Often,Phishing Scams,5,4,3,Greatly,Other,Extremely concerned,Slightly,Very challenging,Not important,Collaboration with AI Specialists,To a moderate extent,Improved Data Management,To a large extent,"Yes, we have a comprehensive policy."
Technician,7,No,Local Government,Machine Learning,Occasionally,Advanced Persistent Threats (APTs),2,2,2,Moderately,Data Privacy and Security,Not at all concerned,Not at all,Not challenging at all,Very important,Ongoing Monitoring and Evaluation,To a moderate extent,Other,Not at all,"No, there is no policy."
Director,2,Yes,Other,Deep Learning,Occasionally,Advanced Persistent Threats (APTs),3,2,2,Greatly,Complexity of AI Systems,Moderately concerned,Significantly,Very challenging,Not important,Other,To a large extent,Improved Data Management,To a small extent,"Yes, we have a comprehensive policy."
Consultant,21,Yes,Other,Predictive Analytics,Occasionally,Insider Threats,3,2,3,Greatly,Data Privacy and Security,Moderately concerned,Significantly,Extremely challenging,Very important,Collaboration with AI Specialists,To a very large extent,Improved Data Management,To a large extent,"No, but we are developing one."
Manager,19,No,Other,Deep Learning,Rarely,Other,5,5,3,Significantly,High Cost of Implementation,Not at all concerned,Slightly,Extremely challenging,Not important,Integration with Existing Security Systems,To a moderate extent,Better Regulatory Compliance,To a very large extent,"Yes, we have a comprehensive policy."
Analyst,11,Yes,Federal Government,Machine Learning,Occasionally,Phishing Scams,5,4,5,Significantly,Complexity of AI Systems,Moderately concerned,Moderately,Not challenging at all,Slightly important,Collaboration with AI Specialists,To a very large extent,Advanced Training for Personnel,To a moderate extent,"Yes, we have a comprehensive policy."
Director,10,Yes,Other,Deep Learning,Occasionally,Other,4,4,3,Slightly,Other,Extremely concerned,Not at all,Extremely challenging,Slightly important,Ongoing Monitoring and Evaluation,To a very large extent,Better Regulatory Compliance,To a very large extent,"Yes, but it is limited in scope."
Technician,23,Yes,Local Government,Predictive Analytics,Occasionally,Phishing Scams,1,2,3,Significantly,Data Privacy and Security,Not at all concerned,Greatly,Moderately challenging,Extremely important,Other,Not at all,Better Regulatory Compliance,Not at all,"No, but we are developing one."
Director,2,Yes,Local Government,Deep Learning,Often,Insider Threats,5,2,5,Greatly,Data Privacy and Security,Not at all concerned,Not at all,Slightly challenging,Not important,Integration with Existing Security Systems,To a very large extent,Better Regulatory Compliance,To a very large extent,"No, but we are developing one."
Analyst,3,Yes,Other,Neural Networks,Rarely,Advanced Persistent Threats (APTs),4,2,3,Slightly,Complexity of AI Systems,Extremely concerned,Greatly,Very challenging,Slightly important,Ongoing Monitoring and Evaluation,Not at all,Improved Data Management,To a small extent,"Yes, but it is limited in scope."
Manager,12,No,Federal Government,Machine Learning,Often,Insider Threats,2,5,3,Slightly,High Cost of Implementation,Not at all concerned,Not at all,Not challenging at all,Slightly important,Other,To a large extent,Improved Data Management,Not at all,"Yes, we have a comprehensive policy."
Consultant,8,Yes,State Government,Machine Learning,Occasionally,Advanced Persistent Threats (APTs),5,5,3,Significantly,High Cost of Implementation,Moderately concerned,Moderately,Not challenging at all,Not important,Other,To a small extent,Increased Budget Allocation,To a moderate extent,"Yes, we have a comprehensive policy."
